[
    {
        "title": "Life in Ancient Greek",
        "description": "Uncover the world of ancient Greece through the sculptures, tools, and jewelry found in ruins from over 2000 years ago that have been unearthed through modern science and technology.",
        "image": "ancient-greece.png"
    },
    {
        "title": "Aristotle: Life and Legacy",
        "description": "Explore the life and legacy of the great philosopher Aristotle, one of the most influential thinkers of all time. Through rare artifacts and ancient texts, learn about his ideas on ethics, politics, and metaphysics that have shaped the world for centuries.",
        "image": "aristotle.png"
    },
    {
        "title": "Chameleon: Colorful Adaptations",
        "description": "Discover the amazing world of chameleons and their incredible ability to change color. Through interactive displays and live chameleon exhibits, learn about the science behind their color changing and how they use it to communicate and camouflage in their environments.",
        "image": "colorful-adaptations.png"
    },
    {
        "title": "Sea Monsters: Myth and Reality",
        "description": "Dive into the world of sea monsters and explore the myths and legends that have captured our imaginations for centuries. Through fossils, ancient maps, and interactive displays, discover the truth behind the stories and learn about the real-life creatures that inhabit our oceans.",
        "image": "sea-monsters.png"
    }        
]